{
  "pero": 1.6127838567197355,
  "The Smile": 0.30102999566398114,
  "Plesetsky District": 1.3617278360175928,
  "Brian Wilson: I Just Wasn't Made for These Times": 1.3617278360175928,
  "The Commissioner": 1.6627578316815739,
  "Baba": 1.3979400086720375,
  "Saint-S\u00e9bastien": 0.30102999566398114,
  "Public Opinion": 1.2552725051033058,
  "An Image of the Past": 0.0,
  "Aaron": 0.30102999566398114,
  "Shrichand Kriplani": 1.8061799739838869,
  "British American Tobacco": 0.8450980400142567,
  "Kagemusha": 0.47712125471966244,
  "But Why Not": 1.1139433523068367,
  "Szymon Szewczyk": 1.5314789170422551,
  "The Simple Life": 1.591064607026499,
  "Corby Town F.C.": 0.0,
  "Happy Together": 1.1461280356782377,
  "In the Loop": 0.30102999566398114,
  "Our Lady of the Flowers": 1.3979400086720375,
  "Beating Heart": 1.5440680443502754,
  "The Misfortunates": 1.1461280356782377
}